date,2006,2007,2008,2009,2010,2011,2012,2013
2006/01/01 23:59:59,27471.27,16215.59,25306.83,165309.54,151435.04,272300.63,567471.43,99242.8
2006/01/02 23:59:59,42945.28,11516.8,19395.98,128004.77,109532.6,54376.02,71450.4,551900.68
2006/01/03 23:59:59,31606.37,12758.94,16432.52,36961.06,117319.52,156841.81,92073.84,154887.76
2006/01/04 23:59:59,27965.9,11660.4,11730.99,28013.44,150379.48,47047.23,54429.29,100238.51
2006/01/05 23:59:59,33567.35,9246.83,4072.13,25322.57,53903.41,33890.88,68935.85,11679.81
2006/01/06 23:59:59,11914.77,6710.8,3205.2,27476.45,54957.56,29809.02,21031.13,11045.15
2006/01/07 23:59:59,7852.23,8603.76,4456.7,20630.87,17754.78,24236.8,12589.73,115048.78
2006/01/08 23:59:59,7456.8,8349.54,3150.9,19204.36,15177.19,10719.29,10766.51,108500.25
2006/01/09 23:59:59,6654.78,8288.64,3267.91,14980.66,6550.71,9615.55,11998.15,39512.83
2006/01/10 23:59:59,5616.48,7309.86,1390.36,2853.86,4925.74,38821.3,13193.65,20579.1
2006/01/11 23:59:59,3615.83,6366.67,1446.92,2084.12,15039.89,10188.63,80626.26,40152.89
2006/01/12 23:59:59,3847.71,7869.93,1799.14,34815.53,13274.84,8816.35,81171.38,11774.68
2006/01/13 23:59:59,3895.67,7203.14,1094.8,2533.84,21213.56,10186.42,32388.38,6433.31
2006/01/14 23:59:59,3370.72,6126.15,1177.82,2490.8,18660.96,7450.05,37009.78,52409.61
2006/01/15 23:59:59,3883.55,7374.6,1152.42,2839.84,19288.8,11859.93,8171.42,30552.04
2006/01/16 23:59:59,4285.72,7026.04,1432.18,3389.97,3961.88,11695.82,12575.25,19565.56
2006/01/17 23:59:59,3859.8,5052.84,852.54,1961.76,3869.85,17287.33,99122.48,30885.15
2006/01/18 23:59:59,2675.98,4690.6,1888.5,1628.0,6748.88,30586.19,78094.28,10265.29
2006/01/19 23:59:59,3848.42,5424.96,852.15,2063.0,7810.66,7171.46,55690.74,5656.89
2006/01/20 23:59:59,3536.08,2752.86,1090.68,3886.95,4685.04,7210.74,26270.51,6360.43
2006/01/21 23:59:59,3813.9,2421.78,879.66,1805.2,2558.46,4054.99,15389.32,4738.5
2006/01/22 23:59:59,4852.53,2316.47,3366.29,1674.28,4101.03,3324.07,12012.95,7344.44
2006/01/23 23:59:59,4236.96,2133.41,611.66,4618.99,2521.65,3503.53,7419.72,5075.99
2006/01/24 23:59:59,4701.2,1717.58,1477.59,605.66,2092.81,7925.42,14427.34,13220.92
2006/01/25 23:59:59,3312.61,1001.2,532.49,1187.16,7863.22,43017.72,12168.64,28861.23
2006/01/26 23:59:59,3263.57,17195.73,720.95,11156.47,10172.26,7800.99,28084.4,4985.42
2006/01/27 23:59:59,2883.54,1609.53,1007.25,17629.7,20961.6,3373.2,5564.31,7345.2
2006/01/28 23:59:59,3509.55,1073.9,817.24,1646.22,1834.44,3182.63,6916.23,34364.43
2006/01/29 23:59:59,4244.73,2210.8,849.11,1343.58,3578.41,3891.16,5893.26,17929.38
2006/01/30 23:59:59,4251.59,1952.97,725.39,24590.22,2717.46,3733.0,7563.3,506681.18
2006/01/31 23:59:59,3314.12,1469.61,908.11,1011.43,2530.86,9292.87,35652.48,24756.76
2006/02/01 23:59:59,940.94,2249.41,902.35,1512.06,531756.85,9017.35,30228.68,19025.25
2006/02/02 23:59:59,668.59,1635.39,934.01,3108.46,2324.2,4038.17,10876.68,8805.01
2006/02/03 23:59:59,670.5,1088.41,916.02,789.03,14129.78,3254.56,5007.44,6078.34
2006/02/04 23:59:59,746.06,998.03,681.33,1461.84,2984.74,10810.7,6695.16,16084.57
2006/02/05 23:59:59,777.32,943.07,779.3,1623.63,2256.55,2265.17,6252.42,8038.96
2006/02/06 23:59:59,701.71,1518.58,638.65,1001051.71,2028.78,2750.85,8517.57,61431.43
2006/02/07 23:59:59,776.33,1630.72,741.27,1633.27,2938.36,2961.72,7238.02,178101.27
2006/02/08 23:59:59,2331.57,840.84,514.61,806.64,8259.49,5462.54,4875.09,112927.28
2006/02/09 23:59:59,1511.71,2064.83,348.95,1209.53,1389.12,2845.78,7765.01,113623.13
2006/02/10 23:59:59,604.75,5110.44,1939.73,316.83,6289.31,6217.13,4121.15,90186.19
2006/02/11 23:59:59,960.39,7436.64,664.82,861.9,2921.84,3321.77,5508.33,98611.21
2006/02/12 23:59:59,535.26,4623.88,711.99,576.95,1258.72,3114.24,23493.63,95331.76
2006/02/13 23:59:59,1196.65,3685.6,581.0,2312.97,1541.06,1263.4,15781.49,222199.73
2006/02/14 23:59:59,550.22,4590.29,1733.37,626.48,1285.82,8674.07,19972.22,75405.62
2006/02/15 23:59:59,862.35,5320.73,600.4,875.36,881.44,22723.89,12525.31,314675.22
2006/02/16 23:59:59,795.6,4867.94,516.94,986.88,2007422.1,14168.1,12408.23,75268.25
2006/02/17 23:59:59,737.6,3193.28,1204.53,1776.9,1256.64,11395.67,479993.06,74081.56
2006/02/18 23:59:59,747.87,2353.7,1197.48,871.75,1232.38,7237.69,12474.47,65083.85
2006/02/19 23:59:59,599.78,2997.28,502.41,3648.54,2650.26,3002.83,5820.37,72650.07
2006/02/20 23:59:59,1107.41,3625.75,648.47,617.81,1092.66,2435.51,34044.72,60207.92
2006/02/21 23:59:59,472.17,2922.72,742.55,633.31,3800.69,2445.5,9962.23,59817.22
2006/02/22 23:59:59,1016.39,2151.62,1040.02,831.06,1741.96,27712.07,9686.11,107198.36
2006/02/23 23:59:59,393.2,3477.09,457.3,1412.37,1322.72,2359.47,9211.92,52048.04
2006/02/24 23:59:59,781.97,1958.48,1078.33,663.13,3867.82,2130.58,6947.3,58504.94
2006/02/25 23:59:59,954.29,2296.67,620.25,4237.03,38195.51,3098.26,3435.38,47512.7
2006/02/26 23:59:59,893.22,1738.17,645.28,821.05,2847.17,1017.13,4121.05,14656.8
2006/02/27 23:59:59,596.57,1760.25,894.17,32394.43,2531.2,2226.9,11057.78,127892.32
2006/02/28 23:59:59,477.91,1637.42,634.68,481.74,1120.44,3149.4,3741.96,313722.4
2006/02/29 23:59:59,,,2888.5,,,,5677.79,
2006/03/01 23:59:59,1424.33,101157.28,410.56,1049.91,11475.75,1280.68,11948.91,236948.0
2006/03/02 23:59:59,1608.61,1346.88,2042.98,3002.6,2309.01,3345.97,7324.65,215740.08
2006/03/03 23:59:59,672.82,1285.64,644.21,1354.19,1254.96,2143.21,7057.09,206833.97
2006/03/04 23:59:59,1177.16,1859.17,495.83,1912.44,1850.46,3500.0,4882.67,176806.27
2006/03/05 23:59:59,399.46,2000.06,6878.9,1003.91,5424.11,887.56,4482.62,153089.71
2006/03/06 23:59:59,424.12,2091.36,934.23,1085.67,1708.9,1422.83,43417.72,144200.26
2006/03/07 23:59:59,580.41,1555.68,500376.23,752.89,1749.73,30244.17,3390.33,122030.56
2006/03/08 23:59:59,284.84,1118.62,1206.38,901.76,3768.46,12030.92,15872.24,120656.49
2006/03/09 23:59:59,782.72,1410.83,680.24,1434.89,1026.29,1648.78,8469.09,115737.73
2006/03/10 23:59:59,735.91,1951.66,3223.62,580.97,3940.15,2761.91,4028.79,174226.26
2006/03/11 23:59:59,536.23,1370.03,3147.14,661.02,4769.47,5409.08,3641.24,146906.26
2006/03/12 23:59:59,825.21,1376.68,3719.6,16020.79,1513.28,1048.22,4799.8,166002.76
2006/03/13 23:59:59,760.32,1595.01,2093.24,799.47,972.83,2725.92,10115.74,401047.41
2006/03/14 23:59:59,591.88,2100.26,349.68,476.36,674.11,17251.21,7161.47,238665.48
2006/03/15 23:59:59,836.23,816.9,1096.15,996.79,2523.48,6255.08,3316.9,210756.76
2006/03/16 23:59:59,748.95,1046.37,1144.52,1170.61,3393.83,14884.11,2888.87,177184.51
2006/03/17 23:59:59,510.95,949.46,1890.13,534.37,1153.6,4801.84,3625.95,162614.82
2006/03/18 23:59:59,360.84,764.0,8924.54,497.06,1360.56,14815.71,3125.32,136064.54
2006/03/19 23:59:59,499.81,102078.64,623.43,592.23,3391.97,1942.53,1810.64,109527.6
2006/03/20 23:59:59,589.45,1471.61,734.85,1166.28,1268.74,2387.16,5659.7,98862.31
2006/03/21 23:59:59,962.49,702.87,451.62,183.52,1479.14,123905.81,2318.07,176007.58
2006/03/22 23:59:59,655.04,1099.01,554.72,983.47,1593.62,8236.92,4191.61,505169.1
2006/03/23 23:59:59,1178.78,2451.04,510.36,14260.58,3283.81,1463.4,15526.95,359906.38
2006/03/24 23:59:59,761.45,1264.85,840.67,432.06,652.03,36970.63,3250.14,337644.42
2006/03/25 23:59:59,686.01,1199.54,1001716.24,653.03,3415.08,1079.7,3643.45,255631.16
2006/03/26 23:59:59,1344.7,1131.15,1783.51,589.18,2018.09,993.89,5089.28,176322.4
2006/03/27 23:59:59,482.18,1373.82,1091.97,636.43,1724.38,1783.66,63279.02,209285.13
2006/03/28 23:59:59,862.95,1253.96,734.87,1232.95,988.78,2549.25,1132998.24,209318.56
2006/03/29 23:59:59,483.47,1071.46,1250.14,1124.69,8289.43,16381.09,136592.19,175774.55
2006/03/30 23:59:59,681.77,775.83,2862.34,1025.73,12842.2,817.27,136045.31,157740.17
2006/03/31 23:59:59,755.24,637.94,586.26,571.96,960.93,3531.77,1258.63,148544.7
2006/04/01 23:59:59,1442.0,2208.54,889.16,293.48,25698.74,1265.01,4410.79,43142.73
2006/04/02 23:59:59,734.61,1428.22,1809.13,1421.0,1902.64,25.0,174383.71,24871.77
2006/04/03 23:59:59,1307.17,657.0,1357.25,658.03,2922.32,2535.58,2201705.66,23439.86
2006/04/04 23:59:59,568.49,1721.37,813.31,704.41,2209.94,3045.45,7009.73,10237.11
2006/04/05 23:59:59,886.93,656.18,422.89,947.48,2112.65,1049.77,2763.19,8756.38
2006/04/06 23:59:59,593.62,1872.42,863.05,888.86,11237.6,4329.27,13325.61,7881.71
2006/04/07 23:59:59,865.3,786.45,843.5,2097.39,2931.12,1451.73,2522.81,8001.35
2006/04/08 23:59:59,707.78,2126.33,821.12,414.91,1426.27,5223.05,2289.57,8736.9
2006/04/09 23:59:59,624.83,883.83,375.59,428.54,2029.25,980.24,3546.12,47115.96
2006/04/10 23:59:59,927.55,754.85,598.22,341.49,6421.03,2110.56,3888.54,12957.25
2006/04/11 23:59:59,1024.15,1446.67,535.23,1279.49,2322.57,11792.41,1688.09,6755.0
2006/04/12 23:59:59,1319.21,1551.02,596.92,10245.2,7077.7,3509.13,479992.7,6406.7
2006/04/13 23:59:59,916.97,2219.81,846.5,41622.42,1698.11,1312.18,60714.35,6591.28
2006/04/14 23:59:59,609.07,1055.75,441.2,606.06,2645.92,1861.77,2563.56,6358.95
2006/04/15 23:59:59,1209.79,970.48,1093.99,113.04,1523.83,29464.47,3329.8,11490.43
2006/04/16 23:59:59,1181.09,1285.78,479.86,573.17,2057.22,13069.74,3271.37,8899.94
2006/04/17 23:59:59,524.73,1596.39,587.66,2106.96,803.98,5437.79,317939.37,10044.77
2006/04/18 23:59:59,678.33,882.0,661.61,411.28,714.29,4800.73,4427.15,49116.14
2006/04/19 23:59:59,657.59,1801.16,1520.11,373.24,865.25,36498.87,3050.36,4222.74
2006/04/20 23:59:59,742.7,649.63,400.98,736.45,8429.02,1764.62,15798.11,4413.88
2006/04/21 23:59:59,616.31,615.65,308.02,258.64,6643.62,1760.89,2064.24,4611.32
2006/04/22 23:59:59,762.44,855.6,491.58,676.32,3180.95,6675.94,2507.6,6195.97
2006/04/23 23:59:59,1045.98,739.72,435.37,2701.76,1143.6,1578.32,12781.85,5403.18
2006/04/24 23:59:59,1589.58,11301.17,544.28,328.71,1204.36,2123.19,3371.47,32556.62
2006/04/25 23:59:59,1424.38,1739.23,249.62,537.11,727.68,1631.1,9970.93,6910.73
2006/04/26 23:59:59,601.65,1319.5,1787.6,484.06,4587.49,3018.33,112175.51,4843.79
2006/04/27 23:59:59,1050.06,3434.58,202.17,404.27,3556.05,19117.69,3085.44,5778.78
2006/04/28 23:59:59,1265.97,565.75,465.4,502.09,9806.76,1197.68,3362.59,5805.13
2006/04/29 23:59:59,712.39,526.32,1196.6,549.89,1711.14,1634.3,68488.44,11024.02
2006/04/30 23:59:59,782.81,1512.04,1382.14,890.63,11248.67,1135.47,1352.45,12487.03
2006/05/01 23:59:59,926.23,966.96,563.28,51511.62,313.67,1630.98,5642.49,6388.77
2006/05/02 23:59:59,954.75,833.35,2942.13,600.66,1054.0,2429.06,3870.24,5537.4
2006/05/03 23:59:59,990.05,7304.03,746.61,684.06,8616.46,5030.49,2857.41,5948.93
2006/05/04 23:59:59,1066.8,1942.94,1797.58,949.03,3130.12,222149.69,32451.46,3920.88
2006/05/05 23:59:59,1353.88,446.16,702.15,14665.27,915.31,1560050.67,2807.81,3763.2
2006/05/06 23:59:59,688.5,1358.07,1062.43,7284.16,502.18,1079.72,2535.57,3623.09
2006/05/07 23:59:59,566.91,4761.87,817.9,2438.79,5894.81,2250.75,3690.97,4538.47
2006/05/08 23:59:59,845.88,932.52,938.63,698.02,1175.36,865.58,4842.96,6707.51
2006/05/09 23:59:59,825.22,1349.68,889.52,930.13,725.96,9940.45,1875.38,4140.74
2006/05/10 23:59:59,484.92,1554.66,1761.22,420.17,2402.66,1420.56,2710.74,6593.18
2006/05/11 23:59:59,1496.71,1201.41,1481.88,33763.06,2285.51,403048.69,33367.39,4377.48
2006/05/12 23:59:59,659.14,811.36,1111.21,1755.54,372.7,2139.24,1791.23,5911.09
2006/05/13 23:59:59,1178.95,750.44,848.87,795.98,6185.54,2788.73,3098.62,8759.49
2006/05/14 23:59:59,942.76,848.16,546.83,630.0,962.07,1157.09,1665.09,21281.05
2006/05/15 23:59:59,461.0,3109.14,840.08,1602.53,1210.84,3789.06,3451.02,9191.19
2006/05/16 23:59:59,10576.25,1474.74,798.54,1658.82,1042.09,17019.44,35500.24,7401.67
2006/05/17 23:59:59,1107.2,1271.33,724.65,456.91,3847.91,19934.68,4886.23,6115.1
2006/05/18 23:59:59,335.72,976.63,1320.26,1509.73,77191.77,2795.92,2880.9,2803.96
2006/05/19 23:59:59,937.71,462.93,81117.87,837.8,489.59,2151.44,8056.23,46578.02
2006/05/20 23:59:59,762.67,1922.51,811.18,1642.79,630.44,9777.76,3797.26,5061.17
2006/05/21 23:59:59,687.95,643.04,678.09,607.92,633.9,1204.4,4001.95,18153.52
2006/05/22 23:59:59,1158.98,569.81,965.98,3428.04,792.99,1242.19,6271.63,5395.82
2006/05/23 23:59:59,871.85,714.98,611.4,148.48,834.1,5632.97,4501.71,4983.25
2006/05/24 23:59:59,1061.3,794.27,614.24,812.66,2895.84,1982.66,6318.2,8344.34
2006/05/25 23:59:59,618.32,1603.27,616.85,544.87,5946.9,1252.29,47900.4,4602.33
2006/05/26 23:59:59,1006.45,902.43,1634.89,2429.16,1001857.47,2438.95,3184.85,3249.75
2006/05/27 23:59:59,519.61,1323.49,1024.69,466.73,1225.1,1793.7,2511.84,5106.62
2006/05/28 23:59:59,1361.4,966.65,791.89,841.53,1088.65,843.03,4177.56,10775.66
2006/05/29 23:59:59,757.21,150572.82,1449.29,633.27,739.36,607.07,5034.45,8542.57
2006/05/30 23:59:59,4779.38,674.29,1794.4,602.06,673.02,800.49,48623.64,6659.65
2006/05/31 23:59:59,1343.12,1001.63,1090.1,2259.63,348.44,2021.46,6312.77,3891.74
2006/06/01 23:59:59,911.5,574.09,2074.94,869.92,44401.06,7991.39,69160.9,4423.75
2006/06/02 23:59:59,1083.38,1219.96,1548.67,2101.25,1738.66,2525.76,5373.63,5851.31
2006/06/03 23:59:59,678.75,485.3,1610.85,881.94,1599.92,22980.24,4645.12,5776.85
2006/06/04 23:59:59,1155.53,1912.41,628.84,501.71,638.73,992.95,4333.0,6044.64
2006/06/05 23:59:59,850.23,997.37,565.22,776.02,820.35,753.5,7703.84,310972.13
2006/06/06 23:59:59,1323.63,1106.87,492.52,418.26,788.26,2195.59,4472.03,4733.78
2006/06/07 23:59:59,776.12,1582.38,1248.97,736.74,18470.53,36002.65,2067.55,6182.33
2006/06/08 23:59:59,1105.31,513.03,510.27,808.33,782.46,999.93,46496.31,3212.83
2006/06/09 23:59:59,327.55,552.84,1473.22,1394.76,641.35,667.58,3319.29,5823.61
2006/06/10 23:59:59,639.07,1302.73,1264.09,738.84,742.52,1478.27,2252.99,3428.41
2006/06/11 23:59:59,533.09,720.6,1805.68,1729.29,534.6,1098.72,4912.0,3351.0
2006/06/12 23:59:59,769.63,939.28,610.71,851.26,352.36,1343.48,8365.41,10156.78
2006/06/13 23:59:59,10876.92,822.29,1156.9,681.17,531.95,526.12,4382.8,3943.45
2006/06/14 23:59:59,1887.36,977.36,931.81,493.73,657.7,697.85,1498.11,3937.9
2006/06/15 23:59:59,1698.21,2793.55,1435.4,776.82,660.13,3461.32,59234.92,4390.05
2006/06/16 23:59:59,844.48,1094.17,453.8,2669.05,931.83,42402.77,3724.64,4943.06
2006/06/17 23:59:59,767.07,1371.4,1064.58,1827.55,4915.67,7176.15,3237.67,7276.51
2006/06/18 23:59:59,1417.32,828.88,504.8,1488.72,450.01,2747.11,6861.7,5228.89
2006/06/19 23:59:59,1748.43,461.62,659.98,637.18,526.04,1923.94,24862.03,8640.01
2006/06/20 23:59:59,1536.24,701.07,1230.65,691.36,2148.9,2507.36,2764.92,4823.78
2006/06/21 23:59:59,952.86,775.44,618.07,605.35,2472.47,3140.7,3035.7,2751.6
2006/06/22 23:59:59,826.79,840.32,927.53,4294.99,2425.68,1599.06,54504.38,5660.45
2006/06/23 23:59:59,869.48,846.37,666.41,865.22,1290.96,34714.67,3010.96,5067.52
2006/06/24 23:59:59,786.46,526.15,975.36,2385.57,531.99,854.51,3527.14,3747.21
2006/06/25 23:59:59,746.42,1146.14,972.02,645.37,2346.57,1738.58,4615.85,3947.74
2006/06/26 23:59:59,613.65,1433.13,707.42,734.51,793.05,1078.46,23598.41,5025.48
2006/06/27 23:59:59,521.11,630.8,1406.35,1221.4,463.82,1194.13,2431.66,5794.95
2006/06/28 23:59:59,536.8,792.66,1377.42,548.59,28947.57,1613.13,3323.03,5082.21
2006/06/29 23:59:59,856.83,1895.39,925.93,979.32,2383.99,647.2,54994.26,8652.84
2006/06/30 23:59:59,836.51,840.19,1289.65,58013.97,51909.42,39033.12,1518.16,5929.94
2006/07/01 23:59:59,1053.39,550.75,1136.89,748.49,2576.92,12672.65,4924.2,114091.29
2006/07/02 23:59:59,477.76,1538.07,2093.83,2249.05,3553.99,1705.96,17321.06,264327.35
2006/07/03 23:59:59,599.81,565.93,740.06,902.68,1347.06,1908.78,121909.61,221966.83
2006/07/04 23:59:59,906.74,790.51,967.5,1588.26,436.42,1440.9,2256.39,208112.09
2006/07/05 23:59:59,878.04,910.67,2082.53,488.74,300.41,1433.52,23502.19,182235.72
2006/07/06 23:59:59,943.75,709.43,863.75,667.37,6091.21,1349.0,52408.35,143652.1
2006/07/07 23:59:59,403.17,1059.59,2053.08,805.02,737.86,921.69,2500.79,138570.34
2006/07/08 23:59:59,931.41,1634.16,1090.99,785.31,662.07,22463.73,3035.97,117729.76
2006/07/09 23:59:59,644.24,693.01,2178.67,1784.06,812.29,909.82,4464.78,118641.86
2006/07/10 23:59:59,790.87,1190.79,501.83,382.72,479.98,789.8,13553.72,112798.7
2006/07/11 23:59:59,4374.69,559.31,1424.97,2475.72,484.48,568.26,3170.08,109355.8
2006/07/12 23:59:59,659.49,1025.68,2543.28,678.92,759.79,1522.44,2204.26,110411.66
2006/07/13 23:59:59,743.05,1277.03,819.4,1388.51,568.58,1388.98,2615.66,87261.52
2006/07/14 23:59:59,595.82,560.8,263500.63,845.96,501.89,916.36,2037.3,91838.1
2006/07/15 23:59:59,607.21,635.1,2311.71,486.76,1353.35,11173.48,2432.66,107296.86
2006/07/16 23:59:59,775.35,1656.28,1075.6,1060.49,529.5,11722.15,2439.22,96416.27
2006/07/17 23:59:59,1224.96,820.69,965.07,999.98,608.2,5661.95,5600.21,123702.66
2006/07/18 23:59:59,591.51,1107.64,1160.7,558.17,268.82,2802.58,14619.33,89862.46
2006/07/19 23:59:59,818.01,1148.83,897.05,720.61,5821.67,1802.53,38161.48,83044.25
2006/07/20 23:59:59,1127.55,2207.17,558.33,1137.81,10564.38,2827.61,5268.91,80147.94
2006/07/21 23:59:59,476.35,692.64,2067.78,642.1,1394.62,2340.24,2645.38,87837.2
2006/07/22 23:59:59,511.32,723.04,582.67,769.9,806.59,9640.17,2496.64,99534.25
2006/07/23 23:59:59,1133.56,3674.14,650.23,834.58,2478.03,6435.03,7669.22,57172.21
2006/07/24 23:59:59,413.22,2018.67,880.5,11693.53,777.57,1755.99,57512.51,6931.08
2006/07/25 23:59:59,627.25,727.83,949.0,528.39,900.76,1354.46,8092.73,29219.33
2006/07/26 23:59:59,924.48,584.89,1258.66,686.44,9279.03,2591.23,35999.25,86874.65
2006/07/27 23:59:59,610.49,892.53,851.59,7004.47,2324.24,1320.36,4978.72,75591.61
2006/07/28 23:59:59,1060.09,567.22,4680.38,1089.38,1998.52,6295.77,3137.58,78381.48
2006/07/29 23:59:59,586.87,711.78,2030.55,1787.32,1892.71,17208.66,3341.34,87467.28
2006/07/30 23:59:59,970.7,675.06,739.0,247.67,2935.02,1202.88,2711.39,84776.31
2006/07/31 23:59:59,588.84,1469.67,1228.96,802.54,2650.0,19470.91,4907.55,81176.9
2006/08/01 23:59:59,1662.32,518.88,1109.17,917.07,471.43,6553.0,6241.4,115392.9
2006/08/02 23:59:59,906.41,1863.55,484.89,833.72,791.61,1328.99,36415.46,74229.9
2006/08/03 23:59:59,875.35,2122.82,1122.81,2286.07,1258.88,1782.05,4237.13,70589.31
2006/08/04 23:59:59,1227.96,5026.7,1183.95,441.79,389.31,5580.26,2412.19,66488.01
2006/08/05 23:59:59,424.02,620.5,1015.13,596.93,639.71,25067.45,2496.95,75001.21
2006/08/06 23:59:59,666.98,925.47,296.81,1228.63,2568.94,1792.12,2510.27,74492.65
2006/08/07 23:59:59,913.66,922.25,3954.39,512.9,426.56,1299.45,12372.25,79492.05
2006/08/08 23:59:59,1152.3,1744.42,617.05,706.76,495.42,1397.82,2148.45,77010.57
2006/08/09 23:59:59,428.56,792.28,2275.41,763.43,943.9,795.8,1543.85,71925.58
2006/08/10 23:59:59,834.01,1729.34,1251.98,1425.3,2442.45,1309.06,2243.3,65729.65
2006/08/11 23:59:59,674.03,1194.7,1023.28,932.41,1152.65,5680.69,1604.94,67322.48
2006/08/12 23:59:59,872.29,772.95,638.28,927.25,2545.64,18000.59,1978.85,78763.66
2006/08/13 23:59:59,906.43,591.64,355.04,500330.11,5975.21,2429.34,29825.3,120073.55
2006/08/14 23:59:59,829.17,693.17,1016.4,613.54,1090.55,2176.14,4621.58,77867.36
2006/08/15 23:59:59,626.57,826.69,1832.78,430.37,925.69,4381.24,5995.49,71128.05
2006/08/16 23:59:59,711.29,631.31,787.07,863.26,838.63,11654.65,22426.54,73293.22
2006/08/17 23:59:59,1284.46,470.41,766.42,717.36,755.08,5039.54,4240.95,59971.49
2006/08/18 23:59:59,1674.33,717.77,987.78,667.9,990.81,10966.75,4990.55,67418.54
2006/08/19 23:59:59,729.53,462.41,807.46,9601.03,551.49,2226.36,3304.24,76420.77
2006/08/20 23:59:59,1637.24,704.13,683.74,802.31,1128.85,1735.99,18196.6,91305.18
2006/08/21 23:59:59,763.32,4000.21,1565.15,370347.49,612.97,1576.13,15212.85,69110.29
2006/08/22 23:59:59,824.29,569.46,2142.63,1556.0,919.77,24469.24,25382.24,71405.22
2006/08/23 23:59:59,1202.88,916.21,686.97,926.92,4733.87,1474.97,25572.83,128124.09
2006/08/24 23:59:59,1071.03,500.47,657.41,15173.68,2302.98,3919.84,1050051.55,55967.68
2006/08/25 23:59:59,931.22,1106.64,868.39,1794.43,392.03,1602.28,18561.95,59778.49
2006/08/26 23:59:59,628.7,1653.56,3369.47,5236.93,1086.96,20488.68,23823.78,58681.09
2006/08/27 23:59:59,573.27,532.67,1105.97,686.83,1580.75,2989.76,18616.08,72114.95
2006/08/28 23:59:59,1350.15,769.13,802.47,770.83,834.46,3795.7,19378.57,65444.08
2006/08/29 23:59:59,904.94,2204.78,1216.68,1019.82,730.76,2348.62,6378.34,66641.35
2006/08/30 23:59:59,779.26,1053.66,1187.6,881.43,738.41,5279.28,9356.77,56592.19
2006/08/31 23:59:59,1300.89,799.86,1382.69,462.46,1537.56,14502.53,2513.49,54372.47
2006/09/01 23:59:59,1015.36,30177.45,1493.1,2107.45,794.71,1574.56,5567.64,121165.24
2006/09/02 23:59:59,777.5,1798.18,1630.9,1049.2,497.41,33249.57,3302.86,120494.6
2006/09/03 23:59:59,682.83,926.56,994.99,1611.43,900.7,2032.16,2517.75,144183.87
2006/09/04 23:59:59,813.0,11120.78,178457.91,852.03,1640.55,1285.39,50730.78,77564.8
2006/09/05 23:59:59,1896.73,564.71,3881.54,614.51,1056.32,1676.95,6342.66,63814.0
2006/09/06 23:59:59,1115.79,2037.54,956.57,1335.57,803.59,987.77,32005.85,56720.35
2006/09/07 23:59:59,945.87,906.79,1789.78,525.27,1258.24,1190.35,23831.6,57022.82
2006/09/08 23:59:59,632.01,766.83,951.78,1676.62,1261.79,925.25,4253.16,63970.69
2006/09/09 23:59:59,1273.16,704.15,2314.22,1525.39,1494.21,1854102.99,3073.33,67381.77
2006/09/10 23:59:59,645.88,915.93,1121.57,539.79,760.98,2378.25,9315.67,69157.35
2006/09/11 23:59:59,1131.91,810.59,711.45,1796.45,496.17,1435.52,5537.52,59730.4
2006/09/12 23:59:59,1282.18,1729.58,1958.64,2095.33,807.52,1036.6,24694.35,61353.44
2006/09/13 23:59:59,1296.69,904.79,1437.47,589.25,4726.93,1719.96,4349.15,56941.45
2006/09/14 23:59:59,962.85,640.45,1036.33,803.97,273.63,2645.76,32503.47,54310.96
2006/09/15 23:59:59,1667.94,776.87,1416.64,7049.53,673.63,7060.02,2375.98,59321.09
2006/09/16 23:59:59,609.53,1552.39,1141.96,432.63,991.96,67359.58,2843.72,72174.44
2006/09/17 23:59:59,1134.92,1442.9,1001.01,1697.81,937.63,7425.43,1825924.55,70991.41
2006/09/18 23:59:59,2348.24,1266.85,999.56,1951.27,429.39,3823.98,4081.83,71209.16
2006/09/19 23:59:59,1127.18,662.69,984.85,522.46,931.13,2041.41,7724.89,57514.97
2006/09/20 23:59:59,1439.63,873.97,1074.75,1740.61,9141.7,2445.82,64547.51,61391.17
2006/09/21 23:59:59,1029.37,783.37,961.91,1976.4,3544.58,2411.95,7599.5,54214.68
2006/09/22 23:59:59,1382.84,1500.5,1604.01,1792.79,1660.29,13156.02,3496.79,68151.17
2006/09/23 23:59:59,1597.72,777.72,764.58,2431.34,3272.45,31768.9,3338.7,61491.03
2006/09/24 23:59:59,2109.09,718.67,1273.08,1810.2,2080.28,7081.28,27704.19,72042.98
2006/09/25 23:59:59,630.17,663.77,21090.2,1938.01,579.63,5713.31,30897.43,72818.14
2006/09/26 23:59:59,3608.47,960.98,911.02,1229.74,884.6,1939.24,29331.37,74545.6
2006/09/27 23:59:59,3058.89,1834.09,725.37,1593.21,705.65,1669.11,4737.2,61215.72
2006/09/28 23:59:59,1094.87,1037.22,583.29,3332.21,12775.55,1633.65,12820.36,51167.6
2006/09/29 23:59:59,580.51,654.95,6784.48,1256.18,606.01,1236.11,2918.59,61138.38
2006/09/30 23:59:59,788.35,906.51,878.57,1525.37,726.71,53855.87,15471.4,89358.7
2006/10/01 23:59:59,1138.72,1262.28,1369.55,501036.11,3957.53,2716.0,77862.0,93275.03
2006/10/02 23:59:59,1864.43,1004.85,6238.69,743.25,1011.83,2338.78,87539.0,94767.68
2006/10/03 23:59:59,1303.22,1259.51,628.95,634.84,1186.77,2247.63,25714.64,98115.66
2006/10/04 23:59:59,856.72,86.59,1024.61,935.03,905.06,997.85,34831.14,185752.78
2006/10/05 23:59:59,1468.09,3690.32,1768.65,929.18,6765.32,4030.19,70338.44,73218.87
2006/10/06 23:59:59,1330.41,1059.45,1623.34,1552.58,784.83,4582.5,4248.04,83703.84
2006/10/07 23:59:59,3084.14,817.54,1483.98,1384.31,3529.37,56000.36,3766.08,84065.7
2006/10/08 23:59:59,793.58,796.91,941.62,3393.68,7854.86,1768.05,21756.85,108437.77
2006/10/09 23:59:59,1708.31,1127.26,2177.92,840.26,2437.85,1695.4,128111.5,80978.7
2006/10/10 23:59:59,1258.37,1330.78,1169.73,1631.72,1663.33,2652.42,6530.26,78218.54
2006/10/11 23:59:59,1396.47,1089.5,1658.11,814.54,37526.93,2215.46,48224.02,76775.53
2006/10/12 23:59:59,1422.42,465.75,956.56,571.88,17646.99,1403.43,58953.93,70220.36
2006/10/13 23:59:59,975.97,1622.49,1199.91,15234.97,102584.65,2183.78,14173.84,85401.35
2006/10/14 23:59:59,720.18,521.62,11262.42,1023.91,45729.58,73691.28,16933.59,83066.33
2006/10/15 23:59:59,877.25,2058.11,808.02,526.99,3380.33,6659.54,7445.14,89415.61
2006/10/16 23:59:59,1333.73,1185.76,10960.05,1350.4,878.36,11390.77,101502.07,93892.45
2006/10/17 23:59:59,1366.86,2294.87,1270.97,2421.53,1086.84,24967.81,29023.38,76688.72
2006/10/18 23:59:59,1669.28,1393.76,1037.46,593.13,2711.54,18109.78,4936.95,69066.57
2006/10/19 23:59:59,865.67,775.18,1937.31,550916.2,55335.31,3694.31,31904.35,67754.69
2006/10/20 23:59:59,873.94,1572.52,6072.8,1943.1,8639.31,11898.91,4204.56,72129.05
2006/10/21 23:59:59,1229.34,1301.88,846.72,620.85,58155.93,81383.56,3528.78,94850.74
2006/10/22 23:59:59,1031.65,3462.76,959.62,1042.99,12276.9,3731.62,47966.72,
2006/10/23 23:59:59,1233.15,46656.19,814.68,2054.05,1975.0,2482.86,48739.6,
2006/10/24 23:59:59,2297.6,40178.21,1199.99,1144.44,1300.7,3365.34,140053.12,
2006/10/25 23:59:59,1597.22,27836.09,933.69,740.58,2543.64,2563.69,69346.18,
2006/10/26 23:59:59,984.5,28886.49,924.03,787.11,63780.27,6695.24,34842.26,
2006/10/27 23:59:59,1757.97,27948.32,3580.06,1456.75,14519.95,11158.26,6492.55,
2006/10/28 23:59:59,1215.07,28637.34,2161.65,3482.29,45926.32,145121.11,15478.97,
2006/10/29 23:59:59,1011.27,23284.34,1660.57,1772.67,7683.26,4492.07,11682.22,
2006/10/30 23:59:59,3388.05,30102.1,1412.15,2625.95,3647.94,2641.91,6391.99,
2006/10/31 23:59:59,1105.19,20664.09,1707.16,434.67,3262.75,84021.2,62151.06,
2006/11/01 23:59:59,1400.84,30935.15,1877.03,812.09,51045.33,4616.9,29935.55,
2006/11/02 23:59:59,891.66,22113.5,1802.04,1704.26,64586.99,37416.46,38598.73,
2006/11/03 23:59:59,1652.11,17891.71,5018.24,1264.02,43964.19,60072.44,83576.63,
2006/11/04 23:59:59,901.97,41279.02,257919.09,693.12,68335.02,137544.17,85135.79,
2006/11/05 23:59:59,1842.76,41929.53,97812.48,4598.98,30165.12,10793.86,90457.37,
2006/11/06 23:59:59,1950.93,44152.11,98022.53,977.79,4282.12,52812.49,136356.66,
2006/11/07 23:59:59,2003.32,37163.41,86525.3,396.0,5135.93,8537.39,162540.25,
2006/11/08 23:59:59,1751.53,36902.53,65243.05,605.77,9901.68,203111.25,158255.1,
2006/11/09 23:59:59,1863.28,31449.52,69381.14,602.71,3043.25,175249.54,68780.71,
2006/11/10 23:59:59,832.35,28992.4,60782.95,1576.7,24059.99,163605.44,6302.54,
2006/11/11 23:59:59,1023.33,27090.25,56270.09,20295.26,182205.7,106187.89,6339.38,
2006/11/12 23:59:59,1225.35,23369.09,51725.28,2916.8,312479.77,33036.7,7542.84,
2006/11/13 23:59:59,1622.89,18766.84,76874.77,36869.24,521286.09,26414.95,98643.92,
2006/11/14 23:59:59,1001.34,20370.72,44583.08,33382.73,426311.11,232031.11,102065.96,
2006/11/15 23:59:59,1505.24,22406.5,46780.79,30051.69,467129.68,338590.41,675223.09,
2006/11/16 23:59:59,992.56,20038.2,52530.55,23536.87,440952.88,1264449.95,1486801.53,
2006/11/17 23:59:59,2305.12,18679.15,54192.76,64693.3,356257.58,1067778.72,154879.18,
2006/11/18 23:59:59,1315.14,19765.18,43187.83,83212.18,353472.5,1565420.4,124147.74,
2006/11/19 23:59:59,1601.44,18246.22,41769.85,99147.21,303799.4,829247.95,194241.59,
2006/11/20 23:59:59,1084.29,17298.76,39012.01,78870.18,270925.7,808240.09,88135.62,
2006/11/21 23:59:59,1799.64,14788.28,36022.82,91703.67,280251.1,753734.12,151726.68,
2006/11/22 23:59:59,983.72,14536.19,36190.57,87324.3,352012.24,680615.11,125913.52,
2006/11/23 23:59:59,2674.99,26311.81,41457.22,78395.99,344281.13,636310.71,164268.32,
2006/11/24 23:59:59,2764.73,26512.87,42142.41,79144.5,237325.69,572081.53,228791.85,
2006/11/25 23:59:59,1106.01,19245.14,36707.56,71084.3,249851.46,526613.32,364345.31,
2006/11/26 23:59:59,1662.53,25358.82,34664.68,74545.74,260304.27,531660.56,573695.69,
2006/11/27 23:59:59,3962.17,17413.47,31922.11,67245.58,230255.67,558808.99,2364628.8,
2006/11/28 23:59:59,2026.81,17131.57,33789.65,71947.41,230301.38,555074.82,2120673.47,
2006/11/29 23:59:59,1178.54,16398.5,26490.9,74835.35,242577.58,544691.7,2412805.72,
2006/11/30 23:59:59,1847.69,17043.8,32113.11,74997.0,163877.79,506671.82,1508013.18,
2006/12/01 23:59:59,1222.33,16409.84,58092.03,59614.38,154850.07,398397.86,1252195.42,
2006/12/02 23:59:59,1270.43,14072.38,29204.96,57617.89,154422.7,364934.7,1244608.31,
2006/12/03 23:59:59,2372.6,13179.19,31976.5,106635.68,151057.73,325291.97,1294534.2,
2006/12/04 23:59:59,1652.94,11363.83,33375.87,108225.56,104190.25,328199.65,538538.81,
2006/12/05 23:59:59,2193.46,12226.69,29547.73,104625.94,118024.57,316089.69,449738.98,
2006/12/06 23:59:59,1628.1,18640.63,28260.23,109379.66,141983.53,371502.33,467069.93,
2006/12/07 23:59:59,1317.18,14390.46,31865.29,104326.64,112897.14,266584.75,490359.61,
2006/12/08 23:59:59,815.1,16415.81,36033.74,140567.14,106274.96,227882.73,320651.5,
2006/12/09 23:59:59,2929.17,15636.73,26119.56,142855.61,146895.33,558818.25,290219.13,
2006/12/10 23:59:59,1414.99,16240.52,34228.87,150332.85,125386.26,156804.37,419611.75,
2006/12/11 23:59:59,12053.6,12148.16,29844.3,136592.23,122382.17,168609.5,368154.47,
2006/12/12 23:59:59,3773.27,11460.39,29939.39,131663.04,149268.23,209471.15,398673.36,
2006/12/13 23:59:59,2312.18,14268.78,32114.91,138432.47,202218.33,225166.68,316751.24,
2006/12/14 23:59:59,12199.66,16915.74,30914.86,133825.56,263583.77,172748.91,370545.98,
2006/12/15 23:59:59,3645.09,10673.21,34129.69,140300.82,396024.27,308542.84,275798.16,
2006/12/16 23:59:59,22466.12,17688.03,58217.84,440454.56,407644.52,481363.48,302824.09,
2006/12/17 23:59:59,26124.6,12294.35,28913.9,348391.2,370946.75,214423.26,399369.28,
2006/12/18 23:59:59,43681.96,12729.28,25775.27,300154.31,256991.85,175694.71,189220.29,
2006/12/19 23:59:59,23232.56,12208.92,44250.65,316579.54,251917.17,208644.18,348913.8,
2006/12/20 23:59:59,80113.93,14442.75,27954.18,315128.05,423940.83,559183.42,390295.95,
2006/12/21 23:59:59,45741.14,15778.22,29165.6,317239.21,275450.34,334111.04,690992.93,
2006/12/22 23:59:59,48933.22,10308.73,36024.24,330751.47,222008.12,342977.59,84205.87,
2006/12/23 23:59:59,31858.29,11022.92,290746.67,268091.71,233559.73,253109.5,63175.43,
2006/12/24 23:59:59,36966.93,14393.77,239452.03,281349.02,218157.95,199640.68,109396.03,
2006/12/25 23:59:59,17822.85,8276.72,171489.8,175376.3,170330.01,158698.41,50374.68,
2006/12/26 23:59:59,17822.32,14975.67,219305.16,185629.88,194475.89,176476.24,120334.86,
2006/12/27 23:59:59,20448.08,834813.97,202111.41,209945.06,302618.89,247846.48,200109.86,
2006/12/28 23:59:59,46838.26,23089.7,198669.33,268848.54,306435.28,561328.69,124397.51,
2006/12/29 23:59:59,40569.84,16831.71,266216.33,331876.74,336584.23,592521.64,77174.76,
2006/12/30 23:59:59,28875.31,15783.78,235074.09,328264.51,422359.96,1022051.21,93246.46,
2006/12/31 23:59:59,32464.45,38950.82,337228.86,394065.77,790955.32,1114119.77,541862.32,
